{
  "display": {
    "icon": {
      "item": "minecraft:ender_chest"
    },
    "title": {
      "text": "Loot Boxes Gen 3",
      "color": "e500ff",
      "bold": true,
      "italic": true,
      "underlined": false,
      "strikethrough": false,
      "obfuscated": false
    },
    "description": {
      "text": "Adds a rare drop to most gameplay!",
      "color": "gold",
      "bold": false,
      "italic": false,
      "underlined": false,
      "strikethrough": false,
      "obfuscated": false
    },
    "frame": "task",
    "show_toast": false,
    "announce_to_chat": false,
    "hidden": false
  },
  "parent": "vanilla_plus:vanilla_plus/root",
  "criteria": {
    "nothing": {
      "trigger": "minecraft:tick",
      "conditions": {}
    }
  }
}
