{
  "type": "minecraft:fishing",
  "pools": [
    {
      "rolls": 1,
      "bonus_rolls": 0,
      "entries": [
        {
          "type": "minecraft:item",
          "weight": 50,
          "quality": 3,
          "name": "minecraft:chest",
          "functions": [
            {
              "function": "minecraft:set_name",
              "name": {
                "text": "Aquatic Loot Box",
                "color": "gold",
                "bold": true
              }
            },
            {
              "function": "minecraft:set_lore",
              "lore": [
                {
                  "text": "Place on the ground to open!",
                  "color": "dark_red",
                  "bold": true,
                  "italic": false,
                  "underlined": false,
                  "strikethrough": false,
                  "obfuscated": false
                },
                {
                  "text": "generation three box",
                  "color": "gray",
                  "bold": false,
                  "italic": true,
                  "underlined": false,
                  "strikethrough": false,
                  "obfuscated": false
                }
              ]
            },
            {
              "function": "minecraft:set_loot_table",
              "name": "minecraft:gameplay/loot_boxes/aquatic_generation_three_lootbox"
            }
          ],
          "conditions": [
            {
              "condition": "minecraft:entity_properties",
              "entity": "this",
              "predicate": {
                "fishing_hook": {
                  "in_open_water": false
                }
              }
            }
          ]
        },
        {
          "type": "minecraft:item",
          "weight": 10,
          "quality": 2,
          "name": "minecraft:chest",
          "functions": [
            {
              "function": "minecraft:set_name",
              "name": {
                "text": "Aquatic Loot Box",
                "color": "gold",
                "bold": true
              }
            },
            {
              "function": "minecraft:set_lore",
              "lore": [
                {
                  "text": "Place on the ground to open!",
                  "color": "dark_red",
                  "bold": true,
                  "italic": false,
                  "underlined": false,
                  "strikethrough": false,
                  "obfuscated": false
                },
                {
                  "text": "generation three box",
                  "color": "gray",
                  "bold": false,
                  "italic": true,
                  "underlined": false,
                  "strikethrough": false,
                  "obfuscated": false
                }
              ]
            },
            {
              "function": "minecraft:set_loot_table",
              "name": "minecraft:gameplay/loot_boxes/aquatic_generation_three_lootbox"
            }
          ],
          "conditions": [
            {
              "condition": "minecraft:entity_properties",
              "entity": "this",
              "predicate": {
                "fishing_hook": {
                  "in_open_water": false
                }
              }
            }
          ]
        },
        {
          "type": "minecraft:loot_table",
          "weight": 1000,
          "name": "vanilla:gameplay/fishing/treasure"
        }
      ]
    }
  ]
}