{
  "type": "minecraft:entity",
  "pools": [
    {
      "rolls": 1.0,
      "bonus_rolls": 0.0,
      "entries": [
        {
          "type": "minecraft:item",
          "weight": 100,
          "name": "minecraft:shulker_shell"
        },
        {
          "type": "minecraft:item",
          "weight": 1,
          "quality": 2,
          "name": "minecraft:chest",
          "functions": [
            {
              "function": "minecraft:set_count",
              "count": 1
            },
            {
              "function": "minecraft:set_nbt",
              "tag": "{BlockEntityTag:{LootTable:\"minecraft:gameplay/loot_boxes/normal_generation_three_lootbox\"}}"
            },
            {
              "function": "minecraft:set_name",
              "name": [
                {
                  "text": "Gen 3 Loot Box",
                  "color": "#D100D1",
                  "bold": true,
                  "italic": false,
                  "underlined": true,
                  "strikethrough": false,
                  "obfuscated": false
                }
              ]
            },
            {
              "function": "minecraft:set_lore",
              "lore": [
                {
                  "text": "Place to open!",
                  "color": "dark_red",
                  "bold": true,
                  "italic": true,
                  "underlined": false,
                  "strikethrough": false,
                  "obfuscated": false
                }
              ]
            }
          ],
          "conditions": [
            {
              "condition": "minecraft:killed_by_player",
              "inverse": true
            }
          ]
        }
      ],
      "conditions": [
        {
          "condition": "minecraft:random_chance_with_looting",
          "chance": 0.5,
          "looting_multiplier": 0.0625
        }
      ]
    }
  ]
}