{
  "display": {
    "icon": {
      "item": "minecraft:end_portal_frame"
    },
    "title": {
      "text": "Ender Dragon Fight Pack",
      "color": "e500ff",
      "bold": true,
      "italic": true,
      "underlined": false,
      "strikethrough": false,
      "obfuscated": false
    },
    "description": {
      "text": "This pack adds a new strategy to the ender dragon fight. Run \"/function ender_fight:uninstall\" to uninstall the pack, or do \"/function ender_fight:reset\" if an issue is encountered.",
      "color": "gold",
      "bold": false,
      "italic": false,
      "underlined": false,
      "strikethrough": false,
      "obfuscated": false
    },
    "frame": "task",
    "show_toast": false,
    "announce_to_chat": false,
    "hidden": false
  },
  "parent": "vanilla_plus:vanilla_plus/root",
  "criteria": {
    "nothing": {
      "trigger": "minecraft:tick",
      "conditions": {}
    }
  }
}
