{
  "display": {
    "icon": {
      "item": "minecraft:tripwire_hook"
    },
    "title": {
      "text": "Vanilla Plus",
      "color": "ffcc00",
      "bold": true,
      "italic": false,
      "underlined": false,
      "strikethrough": false,
      "obfuscated": false
    },
    "description": "Install any Vanilla+ Datapack",
    "background": "minecraft:textures/block/cobbled_blackstone.png",
    "frame": "task",
    "show_toast": false,
    "announce_to_chat": false,
    "hidden": false
  },
  "criteria": {
    "nothing": {
      "trigger": "minecraft:tick",
      "conditions": {}
    }
  }
}
