{
    "pools": [
      {
        "rolls": 1,
        "entries": [
          {
            "type": "minecraft:item",
            "name": "minecraft:dragon_head",
            "functions": [
              {
                "function": "minecraft:set_count",
                "count": 1
              }
            ]
          }
        ]
      },
      {
        "rolls": 1,
        "entries": [
          {
            "type": "minecraft:item",
            "weight": 1,
            "quality": 3,
            "name": "minecraft:netherite_axe",
            "functions": [
              {
                "function": "minecraft:set_count",
                "count": 1
              },
              {
                "function": "minecraft:set_nbt",
                "tag": "{CustomModelData:1,Enchantments:[{id:\"minecraft:sharpness\",lvl:9s},{id:\"minecraft:knockback\",lvl:1s},{id:\"minecraft:fire_aspect\",lvl:5s},{id:\"minecraft:looting\",lvl:6s},{id:\"minecraft:sweeping\",lvl:3s},{id:\"minecraft:efficiency\",lvl:7s},{id:\"minecraft:unbreaking\",lvl:4s},{id:\"minecraft:mending\",lvl:1s},{id:\"minecraft:vanishing_curse\",lvl:1s}]}"
              },
              {
                "function": "minecraft:set_damage",
                "damage": 35
              },
              {
                "function": "minecraft:set_name",
                "name": [
                  {
                    "text": "Dragon Claw",
                    "color": "gold",
                    "bold": true,
                    "italic": false,
                    "underlined": false,
                    "strikethrough": false,
                    "obfuscated": false
                  }
                ]
              }
            ]
          },
          {
            "type": "minecraft:empty",
            "weight": 400
          },
          {
            "type": "minecraft:item",
            "weight": 2,
            "quality": 2,
            "name": "minecraft:netherite_axe",
            "functions": [
              {
                "function": "minecraft:set_count",
                "count": 1
              },
              {
                "function": "minecraft:set_nbt",
                "tag": "{CustomModelData:1,Enchantments:[{id:\"minecraft:sharpness\",lvl:8s},{id:\"minecraft:knockback\",lvl:1s},{id:\"minecraft:fire_aspect\",lvl:4s},{id:\"minecraft:looting\",lvl:5s},{id:\"minecraft:sweeping\",lvl:3s},{id:\"minecraft:efficiency\",lvl:6s},{id:\"minecraft:unbreaking\",lvl:3s},{id:\"minecraft:mending\",lvl:1s},{id:\"minecraft:vanishing_curse\",lvl:1s}]}"
              },
              {
                "function": "minecraft:set_damage",
                "damage": 30
              },
              {
                "function": "minecraft:set_name",
                "name": [
                  {
                    "text": "Dragon Claw",
                    "color": "dark_purple",
                    "bold": true,
                    "italic": false,
                    "underlined": false,
                    "strikethrough": false,
                    "obfuscated": false
                  }
                ]
              }
            ]
          },
          {
            "type": "minecraft:item",
            "weight": 3,
            "quality": 2,
            "name": "minecraft:netherite_axe",
            "functions": [
              {
                "function": "minecraft:set_count",
                "count": 1
              },
              {
                "function": "minecraft:set_nbt",
                "tag": "{CustomModelData:1,Enchantments:[{id:\"minecraft:sharpness\",lvl:7s},{id:\"minecraft:knockback\",lvl:1s},{id:\"minecraft:fire_aspect\",lvl:3s},{id:\"minecraft:looting\",lvl:4s},{id:\"minecraft:sweeping\",lvl:2s},{id:\"minecraft:efficiency\",lvl:5s},{id:\"minecraft:unbreaking\",lvl:3s},{id:\"minecraft:mending\",lvl:1s},{id:\"minecraft:vanishing_curse\",lvl:1s}]}"
              },
              {
                "function": "minecraft:set_damage",
                "damage": 25
              },
              {
                "function": "minecraft:set_name",
                "name": [
                  {
                    "text": "Dragon Claw",
                    "color": "dark_blue",
                    "bold": true,
                    "italic": false,
                    "underlined": false,
                    "strikethrough": false,
                    "obfuscated": false
                  }
                ]
              }
            ]
          },
          {
            "type": "minecraft:item",
            "weight": 5,
            "quality": 1,
            "name": "minecraft:netherite_axe",
            "functions": [
              {
                "function": "minecraft:set_count",
                "count": 1
              },
              {
                "function": "minecraft:set_nbt",
                "tag": "{CustomModelData:1,Enchantments:[{id:\"minecraft:sharpness\",lvl:6s},{id:\"minecraft:knockback\",lvl:1s},{id:\"minecraft:fire_aspect\",lvl:3s},{id:\"minecraft:looting\",lvl:3s},{id:\"minecraft:sweeping\",lvl:2s},{id:\"minecraft:unbreaking\",lvl:3s},{id:\"minecraft:mending\",lvl:1s},{id:\"minecraft:vanishing_curse\",lvl:1s}]}"
              },
              {
                "function": "minecraft:set_damage",
                "damage": 20
              },
              {
                "function": "minecraft:set_name",
                "name": [
                  {
                    "text": "Dragon Claw",
                    "color": "dark_green",
                    "bold": true,
                    "italic": false,
                    "underlined": false,
                    "strikethrough": false,
                    "obfuscated": false
                  }
                ]
              }
            ]
          },
          {
            "type": "minecraft:item",
            "weight": 10,
            "name": "minecraft:netherite_axe",
            "functions": [
              {
                "function": "minecraft:set_count",
                "count": 1
              },
              {
                "function": "minecraft:set_nbt",
                "tag": "{CustomModelData:1,Enchantments:[{id:\"minecraft:sharpness\",lvl:5s},{id:\"minecraft:knockback\",lvl:1s},{id:\"minecraft:fire_aspect\",lvl:2s},{id:\"minecraft:looting\",lvl:3s},{id:\"minecraft:unbreaking\",lvl:3s},{id:\"minecraft:mending\",lvl:1s},{id:\"minecraft:vanishing_curse\",lvl:1s}]}"
              },
              {
                "function": "minecraft:set_damage",
                "damage": 15
              },
              {
                "function": "minecraft:set_name",
                "name": [
                  {
                    "text": "Dragon Claw",
                    "color": "dark_gray",
                    "bold": true,
                    "italic": false,
                    "underlined": false,
                    "strikethrough": false,
                    "obfuscated": false
                  }
                ]
              }
            ]
          }
        ]
      }
    ]
  }