{
    "type": "minecraft:chest",
    "pools": [
      {
        "rolls": 1,
        "bonus_rolls": {
          "min": 0,
          "max": {
            "min": 0,
            "max": 1
          }
        },
        "entries": [
          {
            "type": "minecraft:item",
            "weight": 1,
            "quality": 1,
            "name": "minecraft:totem_of_undying",
            "functions": [
              {
                "function": "minecraft:set_nbt",
                "tag": "{CustomModelData:3}"
              },
              {
                "function": "minecraft:set_attributes",
                "modifiers": [
                  {
                    "attribute": "minecraft:generic.knockback_resistance",
                    "name": "Ocean Resist",
                    "amount": {
                      "min": 1,
                      "max": 4
                    },
                    "operation": "addition",
                    "slot": "offhand"
                  },
                  {
                    "attribute": "minecraft:generic.max_health",
                    "name": "Ocean Health",
                    "amount": {
                      "min": 2,
                      "max": 6
                    },
                    "operation": "addition",
                    "slot": "offhand"
                  },
                  {
                    "attribute": "minecraft:generic.luck",
                    "name": "Oceanic Luck",
                    "amount": {
                      "min": 1,
                      "max": 5
                    },
                    "operation": "addition",
                    "slot": "offhand"
                  }
                ]
              },
              {
                "function": "minecraft:set_lore",
                "lore": [
                  {
                    "text": "An artifact infused by the #TeamSeas Community...",
                    "color": "dark_blue",
                    "bold": false,
                    "italic": true,
                    "underlined": false,
                    "strikethrough": false,
                    "obfuscated": false
                  },
                  {
                    "text": "Go to teamseas.org to help remove trash from the ocean!",
                    "color": "blue",
                    "bold": false,
                    "italic": true,
                    "underlined": true,
                    "strikethrough": false,
                    "obfuscated": false
                  }
                ]
              },
              {
                "function": "minecraft:set_name",
                "name": {
                  "text": "#TeamSeas Totem",
                  "color": "cyan",
                  "bold": true,
                  "italic": false,
                  "underlined": true,
                  "strikethrough": false,
                  "obfuscated": false
                }
              }
            ],
            "conditions": [
              {
                "condition": "minecraft:location_check",
                "predicate": {
                  "dimension": "minecraft:overworld"
                }
              }
            ]
          },
          {
            "type": "minecraft:item",
            "weight": 1,
            "quality": 1,
            "name": "minecraft:totem_of_undying",
            "functions": [
              {
                "function": "minecraft:set_nbt",
                "tag": "{CustomModelData:2}"
              },
              {
                "function": "minecraft:set_attributes",
                "modifiers": [
                  {
                    "attribute": "minecraft:generic.movement_speed",
                    "name": "Dream Sprint",
                    "amount": {
                      "min": 1,
                      "max": 3
                    },
                    "operation": "addition",
                    "slot": "mainhand"
                  },
                  {
                    "attribute": "minecraft:generic.attack_speed",
                    "name": "Dream Attack",
                    "amount": {
                      "min": 1,
                      "max": 4
                    },
                    "operation": "addition",
                    "slot": "offhand"
                  }
                ]
              },
              {
                "function": "minecraft:set_lore",
                "lore": [
                  {
                    "text": "An artifact infused by Dream.",
                    "color": "dark_red",
                    "bold": true,
                    "italic": false,
                    "underlined": false,
                    "strikethrough": false,
                    "obfuscated": false
                  }
                ]
              },
              {
                "function": "minecraft:set_name",
                "name": {
                  "text": "Dream Totem",
                  "color": "14FF3B",
                  "bold": true,
                  "italic": true,
                  "underlined": true,
                  "strikethrough": false,
                  "obfuscated": false
                },
                "conditions": [
                  {
                    "condition": "minecraft:location_check",
                    "predicate": {
                      "dimension": "minecraft:the_nether"
                    }
                  }
                ]
              }
            ]
          },
          {
            "type": "minecraft:item",
            "weight": 50,
            "quality": 4,
            "name": "minecraft:copper_ingot",
            "functions": [
              {
                "function": "minecraft:set_count",
                "count": {
                  "min": 5,
                  "max": 17
                }
              }
            ]
          },
          {
            "type": "minecraft:item",
            "weight": 10,
            "quality": 3,
            "name": "minecraft:enchanted_book",
            "functions": [
              {
                "function": "minecraft:set_enchantments",
                "enchantments": {
                  "minecraft:mending": 1,
                  "minecraft:aqua_affinity": 1,
                  "minecraft:depth_strider": {
                    "min": 0,
                    "max": 3
                  }
                }
              }
            ]
          },
          {
            "type": "minecraft:item",
            "weight": 50,
            "quality": 2,
            "name": "minecraft:kelp",
            "functions": [
              {
                "function": "minecraft:set_count",
                "count": {
                  "min": 1,
                  "max": 4
                }
              }
            ]
          },
          {
            "type": "minecraft:item",
            "weight": 50,
            "quality": 2,
            "name": "minecraft:seagrass",
            "functions": [
              {
                "function": "minecraft:set_count",
                "count": {
                  "min": 1,
                  "max": 4
                }
              }
            ]
          },
          {
            "type": "minecraft:item",
            "weight": 1,
            "quality": 1,
            "name": "minecraft:totem_of_undying",
            "functions": [
              {
                "function": "minecraft:set_nbt",
                "tag": "{CustomModelData:1}"
              },
              {
                "function": "minecraft:set_lore",
                "lore": [
                  {
                    "text": "A special artifact infused by Technoblade.",
                    "color": "dark_red",
                    "bold": true,
                    "italic": false,
                    "underlined": false,
                    "strikethrough": false,
                    "obfuscated": false
                  }
                ]
              },
              {
                "function": "minecraft:set_name",
                "name": {
                  "text": "Techno Totem",
                  "color": "B4FF33",
                  "bold": true,
                  "italic": true,
                  "underlined": true,
                  "strikethrough": false,
                  "obfuscated": false
                }
              },
              {
                "function": "minecraft:set_attributes",
                "modifiers": [
                  {
                    "attribute": "minecraft:generic.attack_damage",
                    "name": "Techno Attack",
                    "amount": {
                      "min": 1,
                      "max": 3
                    },
                    "operation": "addition",
                    "slot": "mainhand"
                  },
                  {
                    "attribute": "minecraft:generic.max_health",
                    "name": "Techno Health",
                    "amount": {
                      "min": 1,
                      "max": 5
                    },
                    "operation": "addition",
                    "slot": "offhand"
                  }
                ]
              }
            ]
          },
          {
            "type": "minecraft:item",
            "weight": 100,
            "name": "minecraft:gravel",
            "functions": [
              {
                "function": "minecraft:set_count",
                "count": {
                  "min": 10,
                  "max": 64
                }
              }
            ]
          },
          {
            "type": "minecraft:item",
            "weight": 100,
            "name": "minecraft:sandstone",
            "functions": [
              {
                "function": "minecraft:set_count",
                "count": {
                  "min": 16,
                  "max": 128
                }
              }
            ]
          },
          {
            "type": "minecraft:item",
            "weight": 50,
            "quality": 2,
            "name": "minecraft:brain_coral_block",
            "functions": [
              {
                "function": "minecraft:set_count",
                "count": {
                  "min": 1,
                  "max": 3
                }
              }
            ]
          },
          {
            "type": "minecraft:item",
            "weight": 5,
            "quality": 5,
            "name": "minecraft:trident",
            "functions": [
              {
                "function": "minecraft:set_name",
                "name": "#TeamSeas Tri-DENT"
              },
              {
                "function": "minecraft:enchant_randomly",
                "enchantments": [
                  "minecraft:channeling",
                  "minecraft:vanishing_curse",
                  "minecraft:unbreaking",
                  "minecraft:loyalty",
                  "minecraft:mending",
                  "minecraft:riptide"
                ]
              }
            ]
          },
          {
            "type": "minecraft:item",
            "weight": 50,
            "quality": 2,
            "name": "minecraft:tube_coral_block",
            "functions": [
              {
                "function": "minecraft:set_count",
                "count": {
                  "min": 1,
                  "max": 4
                }
              }
            ]
          },
          {
            "type": "minecraft:item",
            "weight": 100,
            "name": "minecraft:sand",
            "functions": [
              {
                "function": "minecraft:set_count",
                "count": {
                  "min": 10,
                  "max": 15
                }
              }
            ]
          },
          {
            "type": "minecraft:item",
            "weight": 10,
            "quality": 5,
            "name": "minecraft:heart_of_the_sea"
          },
          {
            "type": "minecraft:item",
            "weight": 100,
            "quality": 1,
            "name": "minecraft:coal",
            "functions": [
              {
                "function": "minecraft:set_count",
                "count": {
                  "min": 10,
                  "max": 64
                }
              }
            ]
          },
          {
            "type": "minecraft:item",
            "weight": 75,
            "quality": 2,
            "name": "minecraft:gold_ingot",
            "functions": [
              {
                "function": "minecraft:set_count",
                "count": {
                  "min": 2,
                  "max": 8
                }
              }
            ]
          },
          {
            "type": "minecraft:item",
            "weight": 50,
            "quality": 3,
            "name": "minecraft:damaged_anvil",
            "functions": [
              {
                "function": "minecraft:set_count",
                "count": {
                  "min": 1,
                  "max": 3
                }
              }
            ]
          },
          {
            "type": "minecraft:item",
            "weight": 100,
            "name": "minecraft:white_bed"
          }
        ]
      }
    ]
  }
  