{
  "display": {
    "icon": {
      "item": "minecraft:chainmail_helmet"
    },
    "title": {
      "text": "Strong Civilization Strong Armor",
      "color": "3b005e",
      "bold": true,
      "italic": false,
      "underlined": false,
      "strikethrough": false,
      "obfuscated": false
    },
    "description": "Gain a full set of Ender Watcher Armor",
    "frame": "challenge"
  },
  "parent": "minecraft:end/respawn_dragon",
  "criteria": {
    "armor": {
      "trigger": "minecraft:inventory_changed",
      "conditions": {
        "player": {
          "type": "minecraft:player"
        },
        "items": [
          {
            "items": [
              "minecraft:chainmail_boots"
            ],
            "nbt": "{display:{Name:'{\"text\":\"Ender Watcher Shoe\",\"color\":\"#5A007A\",\"bold\":true,\"italic\":false,\"underlined\":false,\"strikethrough\":false,\"obfuscated\":false}',Lore:['{\"text\":\"A piece of armor from an old and\",\"color\":\"dark_red\",\"bold\":false,\"italic\":true,\"underlined\":false,\"strikethrough\":false,\"obfuscated\":false}','{\"text\":\"powerful civilization...\",\"color\":\"dark_red\",\"bold\":false,\"italic\":true,\"underlined\":false,\"strikethrough\":false,\"obfuscated\":false}']},HideFlags:2,AttributeModifiers:[{AttributeName:\"generic.max_health\",Name:\"generic.max_health\",Amount:5,Operation:0,UUID:[I;-85073630,225919979,-1583060809,-1736292301],Slot:\"head\"},{AttributeName:\"generic.knockback_resistance\",Name:\"generic.knockback_resistance\",Amount:4,Operation:0,UUID:[I;1989087904,1726893636,-2101381183,-1490968393],Slot:\"head\"},{AttributeName:\"generic.armor\",Name:\"generic.armor\",Amount:21,Operation:0,UUID:[I;-824116714,1508527038,-1911344747,58334055],Slot:\"head\"},{AttributeName:\"generic.armor_toughness\",Name:\"generic.armor_toughness\",Amount:20,Operation:0,UUID:[I;-1180409017,1422345886,-1234461563,-1140623464],Slot:\"head\"},{AttributeName:\"generic.luck\",Name:\"generic.luck\",Amount:4,Operation:0,UUID:[I;-794693433,370624548,-1938113160,1676484247],Slot:\"head\"},{AttributeName:\"generic.attack_damage\",Name:\"generic.attack_damage\",Amount:7,Operation:0,UUID:[I;-1471970199,-1843966492,-1124569769,1891183795],Slot:\"head\"}]}"
          },
          {
            "items": [
              "minecraft:chainmail_leggings"
            ],
            "nbt": "{display:{Name:'{\"text\":\"Ender Watcher Paaant\",\"color\":\"#5A007A\",\"bold\":true,\"italic\":false,\"underlined\":false,\"strikethrough\":false,\"obfuscated\":false}',Lore:['{\"text\":\"A piece of armor from an old and\",\"color\":\"dark_red\",\"bold\":false,\"italic\":true,\"underlined\":false,\"strikethrough\":false,\"obfuscated\":false}','{\"text\":\"powerful civilization...\",\"color\":\"dark_red\",\"bold\":false,\"italic\":true,\"underlined\":false,\"strikethrough\":false,\"obfuscated\":false}']},HideFlags:2,AttributeModifiers:[{AttributeName:\"generic.max_health\",Name:\"generic.max_health\",Amount:5,Operation:0,UUID:[I;335662862,-419937489,-1976949964,-1457301263],Slot:\"head\"},{AttributeName:\"generic.knockback_resistance\",Name:\"generic.knockback_resistance\",Amount:4,Operation:0,UUID:[I;-1942103808,165432608,-1558140514,1678078925],Slot:\"head\"},{AttributeName:\"generic.armor\",Name:\"generic.armor\",Amount:21,Operation:0,UUID:[I;89305608,1366576041,-1248074309,-1259354406],Slot:\"head\"},{AttributeName:\"generic.armor_toughness\",Name:\"generic.armor_toughness\",Amount:20,Operation:0,UUID:[I;84251303,-962442036,-1608991484,936716987],Slot:\"head\"},{AttributeName:\"generic.luck\",Name:\"generic.luck\",Amount:4,Operation:0,UUID:[I;-63772121,1290030698,-1508862799,404799488],Slot:\"head\"},{AttributeName:\"generic.attack_damage\",Name:\"generic.attack_damage\",Amount:7,Operation:0,UUID:[I;359256607,658262120,-1449855299,299391960],Slot:\"head\"}]}"
          },
          {
            "items": [
              "minecraft:chainmail_chestplate"
            ],
            "nbt": "{display:{Name:'{\"text\":\"Ender Watcher Shirt\",\"color\":\"#5A007A\",\"bold\":true,\"italic\":false,\"underlined\":false,\"strikethrough\":false,\"obfuscated\":false}',Lore:['{\"text\":\"A piece of armor from an old and\",\"color\":\"dark_red\",\"bold\":false,\"italic\":true,\"underlined\":false,\"strikethrough\":false,\"obfuscated\":false}','{\"text\":\"powerful civilization...\",\"color\":\"dark_red\",\"bold\":false,\"italic\":true,\"underlined\":false,\"strikethrough\":false,\"obfuscated\":false}']},HideFlags:2,AttributeModifiers:[{AttributeName:\"generic.max_health\",Name:\"generic.max_health\",Amount:5,Operation:0,UUID:[I;-1425322453,1233338666,-1408121858,883530872],Slot:\"head\"},{AttributeName:\"generic.knockback_resistance\",Name:\"generic.knockback_resistance\",Amount:5,Operation:0,UUID:[I;518796866,1366377635,-1276538651,1292820486],Slot:\"head\"},{AttributeName:\"generic.armor\",Name:\"generic.armor\",Amount:25,Operation:0,UUID:[I;-1949769739,494291833,-1109089105,-1591331718],Slot:\"head\"},{AttributeName:\"generic.armor_toughness\",Name:\"generic.armor_toughness\",Amount:25,Operation:0,UUID:[I;-1941974121,-2038151529,-1714464459,937554670],Slot:\"head\"},{AttributeName:\"generic.luck\",Name:\"generic.luck\",Amount:5,Operation:0,UUID:[I;1153185559,-879279505,-2013866445,672974438],Slot:\"head\"},{AttributeName:\"generic.attack_damage\",Name:\"generic.attack_damage\",Amount:9,Operation:0,UUID:[I;-841005516,-1620557625,-1933913269,-569081916],Slot:\"head\"}]}"
          },
          {
            "items": [
              "minecraft:chainmail_helmet"
            ],
            "nbt": "{display:{Name:'{\"text\":\"Ender Watcher Cap\",\"color\":\"#5A007A\",\"bold\":true,\"italic\":false,\"underlined\":false,\"strikethrough\":false,\"obfuscated\":false}',Lore:['{\"text\":\"A piece of armor from an old and\",\"color\":\"dark_red\",\"bold\":false,\"italic\":true,\"underlined\":false,\"strikethrough\":false,\"obfuscated\":false}','{\"text\":\"powerful civilization...\",\"color\":\"dark_red\",\"bold\":false,\"italic\":true,\"underlined\":false,\"strikethrough\":false,\"obfuscated\":false}']},HideFlags:2,AttributeModifiers:[{AttributeName:\"generic.max_health\",Name:\"generic.max_health\",Amount:5,Operation:0,UUID:[I;-1066114674,-2130754647,-1496636149,1062305860],Slot:\"head\"},{AttributeName:\"generic.knockback_resistance\",Name:\"generic.knockback_resistance\",Amount:3,Operation:0,UUID:[I;-1237918709,1898007824,-2085858601,-1518955662],Slot:\"head\"},{AttributeName:\"generic.armor\",Name:\"generic.armor\",Amount:20,Operation:0,UUID:[I;-268447054,-1245163560,-1814952898,888790729],Slot:\"head\"},{AttributeName:\"generic.armor_toughness\",Name:\"generic.armor_toughness\",Amount:15,Operation:0,UUID:[I;-712603906,1016414881,-1332011378,-1334453689],Slot:\"head\"},{AttributeName:\"generic.luck\",Name:\"generic.luck\",Amount:2,Operation:0,UUID:[I;2026375104,1513963712,-1129236502,-1362642739],Slot:\"head\"},{AttributeName:\"generic.attack_damage\",Name:\"generic.attack_damage\",Amount:5,Operation:0,UUID:[I;-581091068,111233907,-1087824488,-1559157360],Slot:\"head\"}]}"
          }
        ]
      }
    }
  }
}