{
  "pools": [
    {
      "rolls": 1,
      "entries": [
        {
          "type": "item",
          "weight": 1,
          "name": "minecraft:enchanted_book",
          "functions": [
            {
              "function": "set_count",
              "count": 1
            },
            {
              "function": "set_nbt",
              "tag": "{StoredEnchantments:[{id:\"minecraft:mending\",lvl:1s}]}"
            }
          ]
        },
        {
          "type": "item",
          "weight": 1,
          "name": "minecraft:sugar_cane",
          "functions": [
            {
              "function": "set_count",
              "count": {
                "min": 1,
                "max": 3
              }
            }
          ]
        },
        {
          "type": "item",
          "weight": 1,
          "name": "minecraft:coal",
          "functions": [
            {
              "function": "set_count",
              "count": {
                "min": 1,
                "max": 64
              }
            }
          ]
        },
        {
          "type": "item",
          "weight": 1,
          "name": "minecraft:cocoa_beans",
          "functions": [
            {
              "function": "set_count",
              "count": {
                "min": 1,
                "max": 2
              }
            }
          ]
        },
        {
          "type": "item",
          "weight": 1,
          "name": "minecraft:jungle_sapling",
          "functions": [
            {
              "function": "set_count",
              "count": {
                "min": 1,
                "max": 4
              }
            }
          ]
        },
        {
          "type": "item",
          "weight": 1,
          "name": "minecraft:acacia_sapling",
          "functions": [
            {
              "function": "set_count",
              "count": {
                "min": 1,
                "max": 3
              }
            }
          ]
        },
        {
          "type": "item",
          "weight": 1,
          "name": "minecraft:birch_sapling",
          "functions": [
            {
              "function": "set_count",
              "count": {
                "min": 1,
                "max": 5
              }
            }
          ]
        },
        {
          "type": "item",
          "weight": 1,
          "name": "minecraft:dark_oak_sapling",
          "functions": [
            {
              "function": "set_count",
              "count": 4
            }
          ]
        },
        {
          "type": "item",
          "weight": 1,
          "name": "minecraft:iron_ingot",
          "functions": [
            {
              "function": "set_count",
              "count": {
                "min": 1,
                "max": 10
              }
            }
          ]
        },
        {
          "type": "item",
          "weight": 1,
          "name": "minecraft:totem_of_undying",
          "functions": [
            {
              "function": "set_count",
              "count": {
                "min": 1,
                "max": 3
              }
            },
            {
              "function": "set_nbt",
              "tag": "{AttributeModifiers:[{AttributeName:\"generic.max_health\",Name:\"generic.max_health\",Amount:2,Operation:0,UUID:[I;1322731173,-1556722561,-1997394118,548356782],Slot:\"offhand\"},{AttributeName:\"generic.luck\",Name:\"generic.luck\",Amount:1,Operation:0,UUID:[I;1607305487,-312654521,-1272478318,-1209548109],Slot:\"offhand\"}]}"
            },
            {
              "function": "set_name",
              "name": [
                {
                  "text": "Techno Totem",
                  "color": "gold",
                  "bold": "true",
                  "italic": "false",
                  "underlined": "false",
                  "strikethrough": "false",
                  "obfuscated": "false"
                }
              ]
            }
          ]
        }
      ]
    }
  ]
}