{
  "type": "minecraft:fishing",
  "pools": [
    {
      "rolls": 1.0,
      "bonus_rolls": 0.0,
      "entries": [
        {
          "type": "minecraft:item",
          "name": "minecraft:name_tag"
        },
        {
          "type": "minecraft:item",
          "name": "minecraft:saddle"
        },
        {
          "type": "minecraft:item",
          "functions": [
            {
              "function": "minecraft:set_damage",
              "damage": {
                "type": "minecraft:uniform",
                "min": 0.0,
                "max": 0.25
              },
              "add": false
            },
            {
              "function": "minecraft:enchant_with_levels",
              "levels": 30.0,
              "treasure": true
            }
          ],
          "name": "minecraft:bow"
        },
        {
          "type": "minecraft:item",
          "functions": [
            {
              "function": "minecraft:set_damage",
              "damage": {
                "type": "minecraft:uniform",
                "min": 0.0,
                "max": 0.25
              },
              "add": false
            },
            {
              "function": "minecraft:enchant_with_levels",
              "levels": 30.0,
              "treasure": true
            }
          ],
          "name": "minecraft:fishing_rod"
        },
        {
          "type": "minecraft:item",
          "functions": [
            {
              "function": "minecraft:enchant_with_levels",
              "levels": 30.0,
              "treasure": true
            }
          ],
          "name": "minecraft:book"
        },
        {
          "type": "minecraft:item",
          "name": "minecraft:nautilus_shell"
        },
        {
          "type": "item",
          "weight": 1,
          "quality": 2,
          "name": "minecraft:chest",
          "functions": [
            {
              "function": "set_count",
              "count": 1
            },
            {
              "function": "set_nbt",
              "tag": "{BlockEntityTag:{LootTable:\"minecraft:gameplay/fishing/gen_one_loot_box\"}}"
            },
            {
              "function": "set_name",
              "name": [
                {
                  "text": "Gen 1 Loot Box",
                  "color": "#D100D1",
                  "bold": "true",
                  "italic": "false",
                  "underlined": "true",
                  "strikethrough": "false",
                  "obfuscated": "false"
                }
              ]
            },
            {
              "function": "set_lore",
              "lore": [
                {
                  "text": "Place to open",
                  "color": "dark_red",
                  "bold": "true",
                  "italic": "true",
                  "underlined": "false",
                  "strikethrough": "false",
                  "obfuscated": "false"
                }
              ]
            }
          ]
        }
      ]
    }
  ]
}